ma,province,area,population,density,GRDPVND,GRDPUSD
1,Hà Nội,3358.6,7520.7,2239,"34,33",1.491
2,Hà Giang,7929.5,846.5,107,"134,40",5.837
4,Cao Bằng,6700.3,540.4,81,"52,10",2.23
6,Bắc Kạn,4860,327.9,67,"30,00",1.303
8,Tuyên Quang,5867.9,780.1,133,"42,05",1.826
10,Lào Cai,6364,705.6,111,"150,10",6.519
11,Điện Biên,9541.2,576.7,60,"33,00",1.433
12,Lai Châu,9068.8,456.3,50,"48,69",2.115
14,Sơn La,14123.5,1242.7,88,"130,80",5.681
15,Yên Bái,6887.7,815.6,118,"58,03",2.52
17,Hoà Bình,4590.6,846.1,184,"50,31",2.215
19,Thái Nguyên,3526.6,1268.3,360,"43,29",1.88
20,Lạng Sơn,8310.1,790.5,95,"80,50",3.496
22,Quảng Ninh,6178.2,1266.5,205,"26,70",1.16
24,Bắc Giang,3895.6,1691.8,434,"83,16",3.612
25,Phú Thọ,3534.6,1404.2,397,"41,00",1.781
26,Vĩnh Phúc,1235.2,1092.4,884,"45,24",1.965
27,Bắc Ninh,822.7,1247.5,1516,"27,31",1.186
30,Hải Dương,1668.2,1807.5,1083,"97,30",4.226
31,Hải Phòng,1561.8,2013.8,1289,"40,00",1.737
33,Hưng Yên,930.2,1188.9,1278,"45,36",1.97
34,Thái Bình,1586.4,1793.2,1130,"20,70",899
35,Hà Nam,861.9,808.2,938,"55,20",2.397
36,Nam Định,1668.5,1854.4,1111,"93,94",4.08
37,Ninh Bình,1386.8,973.3,702,"49,50",2.15
38,Thanh Hóa,11114.6,3558.2,320,"56,30",2.445
40,Nghệ An,16481.6,3157.1,192,"97,10",4.217
42,Hà Tĩnh,5990.7,1277.5,213,"38,32",1.664
44,Quảng Bình,8000,887.6,111,"154,84",6.725
45,Quảng Trị,4621.7,630.6,136,"48,30",2.098
46,Thừa Thiên Huế,4902.4,1163.6,237,"55,30",2.402
48,Đà Nẵng,1284.9,1080.7,841,"62,13",2.698
49,Quảng Nam,10574.7,1501.1,142,"48,21",2.094
51,Quảng Ngãi,5155.8,1272.8,247,"37,49",1.628
52,Bình Định,6066.2,1534.8,253,"33,00",1.433
54,Phú Yên,5023.4,909.5,181,"59,74",2.595
56,Khánh Hòa,5137.8,1232.4,240,"38,40",1.668
58,Ninh Thuận,3355.3,611.8,182,"61,84",2.686
60,Bình Thuận,7943.9,1239.2,156,"68,62",2.98
62,Kon Tum,9674.2,535,55,"52,00",2.258
64,Gia Lai,15511,1458.5,94,"36,64",1.591
66,Đắk Lắk,13030.5,1919.2,147,"48,50",2.106
67,Đắk Nông,6509.3,645.4,99,"39,70",1.724
68,Lâm Đồng,9783.3,1312.9,134,"38,50",1.672
70,Bình Phước,6876.8,979.6,142,"39,97",1.736
72,Tây Ninh,4041.3,1133.4,280,"37,50",1.628
74,Bình Dương,2694.6,2163.6,803,"61,07",2.652
75,Đồng Nai,5863.6,3086.1,526,"57,80",2.51
77,Bà Rịa - Vũng Tàu,1981,1112.9,562,"117,66",5.11
79,Hồ Chí Minh,2061.4,8598.7,4171,"43,60",1.894
80,Long An,4494.9,1503.1,334,"37,50",1.629
82,Tiền Giang,2510.6,1762.3,702,"38,00",1.65
83,Bến Tre,2394.8,1268.2,530,"62,79",2.727
84,Trà Vinh,2358.3,1049.8,445,"38,00",1.65
86,Vĩnh Long,1525.7,1051.8,689,"77,70",3.375
87,Đồng Tháp,3383.8,1693.3,500,"41,10",1.785
89,An Giang,3536.7,2164.2,612,"42,36",1.839
91,Kiên Giang,6348.8,1810.5,285,"46,90",2.037
92,Cần Thơ,1439,1282.3,891,"44,00",1.911
93,Hậu Giang,1621.7,776.7,479,"36,00",1.564
94,Sóc Trăng,3311.9,1315.9,397,"44,80",1.946
95,Bạc Liêu,2669,897,336,"86,50",3.757
96,Cà Mau,5221.2,1229.6,236,"33,60",1.459
